,Units,scenario,region,input,Year,value
0,EJ,"SSP2GCAM_SSP2,date=2023-22-11T14:08:28+06:015",Africa_Western,H2,2025,0.00180946439
1,EJ,"SSP2GCAM_SSP2,date=2023-22-11T14:08:28+06:015",Africa_Western,H2,2030,0.012438867562000001
2,EJ,"SSP2GCAM_SSP2,date=2023-22-11T14:08:28+06:015",Africa_Western,H2,2035,0.04106438893100001
3,EJ,"SSP2GCAM_SSP2,date=2023-22-11T14:08:28+06:015",Africa_Western,H2,2040,0.080879257451
4,EJ,"SSP2GCAM_SSP2,date=2023-22-11T14:08:28+06:015",Africa_Western,H2,2045,0.12768086979999999
5,EJ,"SSP2GCAM_SSP2,date=2023-22-11T14:08:28+06:015",Africa_Western,H2,2050,0.1804590348999999
6,EJ,"SSP2GCAM_SSP2,date=2023-22-11T14:08:28+06:015",Africa_Western,H2,2055,0.23277788090000007
7,EJ,"SSP2GCAM_SSP2,date=2023-22-11T14:08:28+06:015",Africa_Western,H2,2060,0.28833073109999996
8,EJ,"SSP2GCAM_SSP2,date=2023-22-11T14:08:28+06:015",Africa_Western,H2,2065,0.3510653378999999
9,EJ,"SSP2GCAM_SSP2,date=2023-22-11T14:08:28+06:015",Africa_Western,H2,2070,0.4246854490000001
10,EJ,"SSP2GCAM_SSP2,date=2023-22-11T14:08:28+06:015",Africa_Western,H2,2075,0.510738241
11,EJ,"SSP2GCAM_SSP2,date=2023-22-11T14:08:28+06:015",Africa_Western,H2,2080,0.6066990719999998
12,EJ,"SSP2GCAM_SSP2,date=2023-22-11T14:08:28+06:015",Africa_Western,H2,2085,0.706089906
13,EJ,"SSP2GCAM_SSP2,date=2023-22-11T14:08:28+06:015",Africa_Western,H2,2090,0.8075204769999998
14,EJ,"SSP2GCAM_SSP2,date=2023-22-11T14:08:28+06:015",Africa_Western,H2,2095,0.9069507020000002
15,EJ,"SSP2GCAM_SSP2,date=2023-22-11T14:08:28+06:015",Africa_Western,H2,2100,0.9973095020000002
16,EJ,"SSP2GCAM_SSP2,date=2023-22-11T14:08:28+06:015",Africa_Western,H2,2025,0.000136252
17,EJ,"SSP2GCAM_SSP2,date=2023-22-11T14:08:28+06:015",Africa_Western,H2,2030,0.000583966
18,EJ,"SSP2GCAM_SSP2,date=2023-22-11T14:08:28+06:015",Africa_Western,H2,2035,0.0014918631859
19,EJ,"SSP2GCAM_SSP2,date=2023-22-11T14:08:28+06:015",Africa_Western,H2,2040,0.002673753214
20,EJ,"SSP2GCAM_SSP2,date=2023-22-11T14:08:28+06:015",Africa_Western,H2,2045,0.0056144886
21,EJ,"SSP2GCAM_SSP2,date=2023-22-11T14:08:28+06:015",Africa_Western,H2,2050,0.014720140999999999
22,EJ,"SSP2GCAM_SSP2,date=2023-22-11T14:08:28+06:015",Africa_Western,H2,2055,0.030927298000000002
23,EJ,"SSP2GCAM_SSP2,date=2023-22-11T14:08:28+06:015",Africa_Western,H2,2060,0.061373512
24,EJ,"SSP2GCAM_SSP2,date=2023-22-11T14:08:28+06:015",Africa_Western,H2,2065,0.10977013999999999
25,EJ,"SSP2GCAM_SSP2,date=2023-22-11T14:08:28+06:015",Africa_Western,H2,2070,0.17781845
26,EJ,"SSP2GCAM_SSP2,date=2023-22-11T14:08:28+06:015",Africa_Western,H2,2075,0.25882577
27,EJ,"SSP2GCAM_SSP2,date=2023-22-11T14:08:28+06:015",Africa_Western,H2,2080,0.34356756000000005
28,EJ,"SSP2GCAM_SSP2,date=2023-22-11T14:08:28+06:015",Africa_Western,H2,2085,0.42209477
29,EJ,"SSP2GCAM_SSP2,date=2023-22-11T14:08:28+06:015",Africa_Western,H2,2090,0.4986135
30,EJ,"SSP2GCAM_SSP2,date=2023-22-11T14:08:28+06:015",Africa_Western,H2,2095,0.56388716
31,EJ,"SSP2GCAM_SSP2,date=2023-22-11T14:08:28+06:015",Africa_Western,H2,2100,0.62562496
32,EJ,"SSP2GCAM_SSP2,date=2023-22-11T14:08:28+06:015",Africa_Western,Electricity,2005,1.819983e-05
33,EJ,"SSP2GCAM_SSP2,date=2023-22-11T14:08:28+06:015",Africa_Western,Electricity,2010,4.13996e-05
34,EJ,"SSP2GCAM_SSP2,date=2023-22-11T14:08:28+06:015",Africa_Western,Electricity,2015,4.07995e-05
35,EJ,"SSP2GCAM_SSP2,date=2023-22-11T14:08:28+06:015",Africa_Western,Electricity,2020,5.38501e-05
36,EJ,"SSP2GCAM_SSP2,date=2023-22-11T14:08:28+06:015",Africa_Western,Electricity,2025,0.012985798661490001
37,EJ,"SSP2GCAM_SSP2,date=2023-22-11T14:08:28+06:015",Africa_Western,Electricity,2030,0.0603639417259
38,EJ,"SSP2GCAM_SSP2,date=2023-22-11T14:08:28+06:015",Africa_Western,Electricity,2035,0.134575461488646
39,EJ,"SSP2GCAM_SSP2,date=2023-22-11T14:08:28+06:015",Africa_Western,Electricity,2040,0.23687266634799398
40,EJ,"SSP2GCAM_SSP2,date=2023-22-11T14:08:28+06:015",Africa_Western,Electricity,2045,0.36597862363969996
41,EJ,"SSP2GCAM_SSP2,date=2023-22-11T14:08:28+06:015",Africa_Western,Electricity,2050,0.525164693463
42,EJ,"SSP2GCAM_SSP2,date=2023-22-11T14:08:28+06:015",Africa_Western,Electricity,2055,0.6946343336999998
43,EJ,"SSP2GCAM_SSP2,date=2023-22-11T14:08:28+06:015",Africa_Western,Electricity,2060,0.881961453
44,EJ,"SSP2GCAM_SSP2,date=2023-22-11T14:08:28+06:015",Africa_Western,Electricity,2065,1.0962841298
45,EJ,"SSP2GCAM_SSP2,date=2023-22-11T14:08:28+06:015",Africa_Western,Electricity,2070,1.3451545262999995
46,EJ,"SSP2GCAM_SSP2,date=2023-22-11T14:08:28+06:015",Africa_Western,Electricity,2075,1.6244737452000004
47,EJ,"SSP2GCAM_SSP2,date=2023-22-11T14:08:28+06:015",Africa_Western,Electricity,2080,1.9213694088
48,EJ,"SSP2GCAM_SSP2,date=2023-22-11T14:08:28+06:015",Africa_Western,Electricity,2085,2.2113393454
49,EJ,"SSP2GCAM_SSP2,date=2023-22-11T14:08:28+06:015",Africa_Western,Electricity,2090,2.4927369372
50,EJ,"SSP2GCAM_SSP2,date=2023-22-11T14:08:28+06:015",Africa_Western,Electricity,2095,2.754434092800001
51,EJ,"SSP2GCAM_SSP2,date=2023-22-11T14:08:28+06:015",Africa_Western,Electricity,2100,2.9992811764999994
52,EJ,"SSP2GCAM_SSP2,date=2023-22-11T14:08:28+06:015",Africa_Western,Refined Liquids,2005,0.7827326299999999
53,EJ,"SSP2GCAM_SSP2,date=2023-22-11T14:08:28+06:015",Africa_Western,Refined Liquids,2010,0.93777727
54,EJ,"SSP2GCAM_SSP2,date=2023-22-11T14:08:28+06:015",Africa_Western,Refined Liquids,2015,1.3124999699999997
55,EJ,"SSP2GCAM_SSP2,date=2023-22-11T14:08:28+06:015",Africa_Western,Refined Liquids,2020,1.6545307850000004
56,EJ,"SSP2GCAM_SSP2,date=2023-22-11T14:08:28+06:015",Africa_Western,Refined Liquids,2025,2.0326249339999998
57,EJ,"SSP2GCAM_SSP2,date=2023-22-11T14:08:28+06:015",Africa_Western,Refined Liquids,2030,2.395848999999999
58,EJ,"SSP2GCAM_SSP2,date=2023-22-11T14:08:28+06:015",Africa_Western,Refined Liquids,2035,2.7591844029999995
59,EJ,"SSP2GCAM_SSP2,date=2023-22-11T14:08:28+06:015",Africa_Western,Refined Liquids,2040,3.210303916
60,EJ,"SSP2GCAM_SSP2,date=2023-22-11T14:08:28+06:015",Africa_Western,Refined Liquids,2045,3.81315333
61,EJ,"SSP2GCAM_SSP2,date=2023-22-11T14:08:28+06:015",Africa_Western,Refined Liquids,2050,4.55241113
62,EJ,"SSP2GCAM_SSP2,date=2023-22-11T14:08:28+06:015",Africa_Western,Refined Liquids,2055,5.541149269999998
63,EJ,"SSP2GCAM_SSP2,date=2023-22-11T14:08:28+06:015",Africa_Western,Refined Liquids,2060,6.710781629999998
64,EJ,"SSP2GCAM_SSP2,date=2023-22-11T14:08:28+06:015",Africa_Western,Refined Liquids,2065,8.006694470000001
65,EJ,"SSP2GCAM_SSP2,date=2023-22-11T14:08:28+06:015",Africa_Western,Refined Liquids,2070,9.39398869
66,EJ,"SSP2GCAM_SSP2,date=2023-22-11T14:08:28+06:015",Africa_Western,Refined Liquids,2075,10.81990854
67,EJ,"SSP2GCAM_SSP2,date=2023-22-11T14:08:28+06:015",Africa_Western,Refined Liquids,2080,12.289971290000006
68,EJ,"SSP2GCAM_SSP2,date=2023-22-11T14:08:28+06:015",Africa_Western,Refined Liquids,2085,13.841280369999998
69,EJ,"SSP2GCAM_SSP2,date=2023-22-11T14:08:28+06:015",Africa_Western,Refined Liquids,2090,15.450377510000001
70,EJ,"SSP2GCAM_SSP2,date=2023-22-11T14:08:28+06:015",Africa_Western,Refined Liquids,2095,17.102032659999995
71,EJ,"SSP2GCAM_SSP2,date=2023-22-11T14:08:28+06:015",Africa_Western,Refined Liquids,2100,18.718851669999996
72,EJ,"SSP2GCAM_SSP2,date=2023-22-11T14:08:28+06:015",Brazil,H2,2025,0.009496385700000002
73,EJ,"SSP2GCAM_SSP2,date=2023-22-11T14:08:28+06:015",Brazil,H2,2030,0.044505186110000004
74,EJ,"SSP2GCAM_SSP2,date=2023-22-11T14:08:28+06:015",Brazil,H2,2035,0.08122512988
75,EJ,"SSP2GCAM_SSP2,date=2023-22-11T14:08:28+06:015",Brazil,H2,2040,0.11466970593999998
76,EJ,"SSP2GCAM_SSP2,date=2023-22-11T14:08:28+06:015",Brazil,H2,2045,0.1397972164
77,EJ,"SSP2GCAM_SSP2,date=2023-22-11T14:08:28+06:015",Brazil,H2,2050,0.162836641
78,EJ,"SSP2GCAM_SSP2,date=2023-22-11T14:08:28+06:015",Brazil,H2,2055,0.179009243
79,EJ,"SSP2GCAM_SSP2,date=2023-22-11T14:08:28+06:015",Brazil,H2,2060,0.190069055
80,EJ,"SSP2GCAM_SSP2,date=2023-22-11T14:08:28+06:015",Brazil,H2,2065,0.19714951
81,EJ,"SSP2GCAM_SSP2,date=2023-22-11T14:08:28+06:015",Brazil,H2,2070,0.20148603999999998
82,EJ,"SSP2GCAM_SSP2,date=2023-22-11T14:08:28+06:015",Brazil,H2,2075,0.20462001000000002
83,EJ,"SSP2GCAM_SSP2,date=2023-22-11T14:08:28+06:015",Brazil,H2,2080,0.20683818999999998
84,EJ,"SSP2GCAM_SSP2,date=2023-22-11T14:08:28+06:015",Brazil,H2,2085,0.20857885
85,EJ,"SSP2GCAM_SSP2,date=2023-22-11T14:08:28+06:015",Brazil,H2,2090,0.21032348999999995
86,EJ,"SSP2GCAM_SSP2,date=2023-22-11T14:08:28+06:015",Brazil,H2,2095,0.21180236999999993
87,EJ,"SSP2GCAM_SSP2,date=2023-22-11T14:08:28+06:015",Brazil,H2,2100,0.21238277999999997
88,EJ,"SSP2GCAM_SSP2,date=2023-22-11T14:08:28+06:015",Brazil,H2,2025,0.000887149
89,EJ,"SSP2GCAM_SSP2,date=2023-22-11T14:08:28+06:015",Brazil,H2,2030,0.00334674
90,EJ,"SSP2GCAM_SSP2,date=2023-22-11T14:08:28+06:015",Brazil,H2,2035,0.0068306446608
91,EJ,"SSP2GCAM_SSP2,date=2023-22-11T14:08:28+06:015",Brazil,H2,2040,0.009129145120000001
92,EJ,"SSP2GCAM_SSP2,date=2023-22-11T14:08:28+06:015",Brazil,H2,2045,0.011636337500000002
93,EJ,"SSP2GCAM_SSP2,date=2023-22-11T14:08:28+06:015",Brazil,H2,2050,0.016789843
94,EJ,"SSP2GCAM_SSP2,date=2023-22-11T14:08:28+06:015",Brazil,H2,2055,0.022941688000000002
95,EJ,"SSP2GCAM_SSP2,date=2023-22-11T14:08:28+06:015",Brazil,H2,2060,0.030632651
96,EJ,"SSP2GCAM_SSP2,date=2023-22-11T14:08:28+06:015",Brazil,H2,2065,0.038723664
97,EJ,"SSP2GCAM_SSP2,date=2023-22-11T14:08:28+06:015",Brazil,H2,2070,0.04577383
98,EJ,"SSP2GCAM_SSP2,date=2023-22-11T14:08:28+06:015",Brazil,H2,2075,0.051364889999999996
99,EJ,"SSP2GCAM_SSP2,date=2023-22-11T14:08:28+06:015",Brazil,H2,2080,0.05495541999999999
100,EJ,"SSP2GCAM_SSP2,date=2023-22-11T14:08:28+06:015",Brazil,H2,2085,0.05774104
101,EJ,"SSP2GCAM_SSP2,date=2023-22-11T14:08:28+06:015",Brazil,H2,2090,0.060052989999999994
102,EJ,"SSP2GCAM_SSP2,date=2023-22-11T14:08:28+06:015",Brazil,H2,2095,0.061678580000000004
103,EJ,"SSP2GCAM_SSP2,date=2023-22-11T14:08:28+06:015",Brazil,H2,2100,0.06358441999999999
104,EJ,"SSP2GCAM_SSP2,date=2023-22-11T14:08:28+06:015",Brazil,Gas,2005,0.069687
105,EJ,"SSP2GCAM_SSP2,date=2023-22-11T14:08:28+06:015",Brazil,Gas,2010,0.07194716
106,EJ,"SSP2GCAM_SSP2,date=2023-22-11T14:08:28+06:015",Brazil,Gas,2015,0.06324161
107,EJ,"SSP2GCAM_SSP2,date=2023-22-11T14:08:28+06:015",Brazil,Gas,2020,0.06999538000000001
108,EJ,"SSP2GCAM_SSP2,date=2023-22-11T14:08:28+06:015",Brazil,Gas,2025,0.06185058000000001
109,EJ,"SSP2GCAM_SSP2,date=2023-22-11T14:08:28+06:015",Brazil,Gas,2030,0.046862736
110,EJ,"SSP2GCAM_SSP2,date=2023-22-11T14:08:28+06:015",Brazil,Gas,2035,0.034682751000000005
111,EJ,"SSP2GCAM_SSP2,date=2023-22-11T14:08:28+06:015",Brazil,Gas,2040,0.024882404
112,EJ,"SSP2GCAM_SSP2,date=2023-22-11T14:08:28+06:015",Brazil,Gas,2045,0.021051199999999996
113,EJ,"SSP2GCAM_SSP2,date=2023-22-11T14:08:28+06:015",Brazil,Gas,2050,0.019584214000000003
114,EJ,"SSP2GCAM_SSP2,date=2023-22-11T14:08:28+06:015",Brazil,Gas,2055,0.018961367
115,EJ,"SSP2GCAM_SSP2,date=2023-22-11T14:08:28+06:015",Brazil,Gas,2060,0.018380757
116,EJ,"SSP2GCAM_SSP2,date=2023-22-11T14:08:28+06:015",Brazil,Gas,2065,0.017859259
117,EJ,"SSP2GCAM_SSP2,date=2023-22-11T14:08:28+06:015",Brazil,Gas,2070,0.017415028
118,EJ,"SSP2GCAM_SSP2,date=2023-22-11T14:08:28+06:015",Brazil,Gas,2075,0.016924958
119,EJ,"SSP2GCAM_SSP2,date=2023-22-11T14:08:28+06:015",Brazil,Gas,2080,0.016372836
120,EJ,"SSP2GCAM_SSP2,date=2023-22-11T14:08:28+06:015",Brazil,Gas,2085,0.01581222
121,EJ,"SSP2GCAM_SSP2,date=2023-22-11T14:08:28+06:015",Brazil,Gas,2090,0.015268167000000003
122,EJ,"SSP2GCAM_SSP2,date=2023-22-11T14:08:28+06:015",Brazil,Gas,2095,0.014731247000000006
123,EJ,"SSP2GCAM_SSP2,date=2023-22-11T14:08:28+06:015",Brazil,Gas,2100,0.01424959
124,EJ,"SSP2GCAM_SSP2,date=2023-22-11T14:08:28+06:015",Brazil,Electricity,2005,0.00378939
125,EJ,"SSP2GCAM_SSP2,date=2023-22-11T14:08:28+06:015",Brazil,Electricity,2010,0.00550848
126,EJ,"SSP2GCAM_SSP2,date=2023-22-11T14:08:28+06:015",Brazil,Electricity,2015,0.00688988
127,EJ,"SSP2GCAM_SSP2,date=2023-22-11T14:08:28+06:015",Brazil,Electricity,2020,0.008624476399999999
128,EJ,"SSP2GCAM_SSP2,date=2023-22-11T14:08:28+06:015",Brazil,Electricity,2025,0.0946903352627
129,EJ,"SSP2GCAM_SSP2,date=2023-22-11T14:08:28+06:015",Brazil,Electricity,2030,0.2174430163074
130,EJ,"SSP2GCAM_SSP2,date=2023-22-11T14:08:28+06:015",Brazil,Electricity,2035,0.3298448573354
131,EJ,"SSP2GCAM_SSP2,date=2023-22-11T14:08:28+06:015",Brazil,Electricity,2040,0.42367880385119994
132,EJ,"SSP2GCAM_SSP2,date=2023-22-11T14:08:28+06:015",Brazil,Electricity,2045,0.48502744703899997
133,EJ,"SSP2GCAM_SSP2,date=2023-22-11T14:08:28+06:015",Brazil,Electricity,2050,0.5394537006
134,EJ,"SSP2GCAM_SSP2,date=2023-22-11T14:08:28+06:015",Brazil,Electricity,2055,0.579064314
135,EJ,"SSP2GCAM_SSP2,date=2023-22-11T14:08:28+06:015",Brazil,Electricity,2060,0.6117078655
136,EJ,"SSP2GCAM_SSP2,date=2023-22-11T14:08:28+06:015",Brazil,Electricity,2065,0.6395663626
137,EJ,"SSP2GCAM_SSP2,date=2023-22-11T14:08:28+06:015",Brazil,Electricity,2070,0.6633000860000002
138,EJ,"SSP2GCAM_SSP2,date=2023-22-11T14:08:28+06:015",Brazil,Electricity,2075,0.6843769389999999
139,EJ,"SSP2GCAM_SSP2,date=2023-22-11T14:08:28+06:015",Brazil,Electricity,2080,0.700544089
140,EJ,"SSP2GCAM_SSP2,date=2023-22-11T14:08:28+06:015",Brazil,Electricity,2085,0.7135776739999999
141,EJ,"SSP2GCAM_SSP2,date=2023-22-11T14:08:28+06:015",Brazil,Electricity,2090,0.7245795150000002
142,EJ,"SSP2GCAM_SSP2,date=2023-22-11T14:08:28+06:015",Brazil,Electricity,2095,0.7345470809999998
143,EJ,"SSP2GCAM_SSP2,date=2023-22-11T14:08:28+06:015",Brazil,Electricity,2100,0.7412013080000001
144,EJ,"SSP2GCAM_SSP2,date=2023-22-11T14:08:28+06:015",Brazil,Refined Liquids,2005,2.3647294000000003
145,EJ,"SSP2GCAM_SSP2,date=2023-22-11T14:08:28+06:015",Brazil,Refined Liquids,2010,3.1650191000000003
146,EJ,"SSP2GCAM_SSP2,date=2023-22-11T14:08:28+06:015",Brazil,Refined Liquids,2015,3.7710726900000004
147,EJ,"SSP2GCAM_SSP2,date=2023-22-11T14:08:28+06:015",Brazil,Refined Liquids,2020,4.195167260000001
148,EJ,"SSP2GCAM_SSP2,date=2023-22-11T14:08:28+06:015",Brazil,Refined Liquids,2025,4.24358625
149,EJ,"SSP2GCAM_SSP2,date=2023-22-11T14:08:28+06:015",Brazil,Refined Liquids,2030,4.13806098
150,EJ,"SSP2GCAM_SSP2,date=2023-22-11T14:08:28+06:015",Brazil,Refined Liquids,2035,4.01986398
151,EJ,"SSP2GCAM_SSP2,date=2023-22-11T14:08:28+06:015",Brazil,Refined Liquids,2040,3.99450832
152,EJ,"SSP2GCAM_SSP2,date=2023-22-11T14:08:28+06:015",Brazil,Refined Liquids,2045,4.096021100000001
153,EJ,"SSP2GCAM_SSP2,date=2023-22-11T14:08:28+06:015",Brazil,Refined Liquids,2050,4.21021119
154,EJ,"SSP2GCAM_SSP2,date=2023-22-11T14:08:28+06:015",Brazil,Refined Liquids,2055,4.36884623
155,EJ,"SSP2GCAM_SSP2,date=2023-22-11T14:08:28+06:015",Brazil,Refined Liquids,2060,4.53660565
156,EJ,"SSP2GCAM_SSP2,date=2023-22-11T14:08:28+06:015",Brazil,Refined Liquids,2065,4.7016099199999974
157,EJ,"SSP2GCAM_SSP2,date=2023-22-11T14:08:28+06:015",Brazil,Refined Liquids,2070,4.869829750000001
158,EJ,"SSP2GCAM_SSP2,date=2023-22-11T14:08:28+06:015",Brazil,Refined Liquids,2075,5.041733719999999
159,EJ,"SSP2GCAM_SSP2,date=2023-22-11T14:08:28+06:015",Brazil,Refined Liquids,2080,5.21446836
160,EJ,"SSP2GCAM_SSP2,date=2023-22-11T14:08:28+06:015",Brazil,Refined Liquids,2085,5.384789169999999
161,EJ,"SSP2GCAM_SSP2,date=2023-22-11T14:08:28+06:015",Brazil,Refined Liquids,2090,5.55423361
162,EJ,"SSP2GCAM_SSP2,date=2023-22-11T14:08:28+06:015",Brazil,Refined Liquids,2095,5.72395359
163,EJ,"SSP2GCAM_SSP2,date=2023-22-11T14:08:28+06:015",Brazil,Refined Liquids,2100,5.8709634799999995
164,EJ,"SSP2GCAM_SSP2,date=2023-22-11T14:08:28+06:015",China,H2,2025,0.017673471200000002
165,EJ,"SSP2GCAM_SSP2,date=2023-22-11T14:08:28+06:015",China,H2,2030,0.08249979830000001
166,EJ,"SSP2GCAM_SSP2,date=2023-22-11T14:08:28+06:015",China,H2,2035,0.19692486559
167,EJ,"SSP2GCAM_SSP2,date=2023-22-11T14:08:28+06:015",China,H2,2040,0.28796302659
168,EJ,"SSP2GCAM_SSP2,date=2023-22-11T14:08:28+06:015",China,H2,2045,0.3379818770000001
169,EJ,"SSP2GCAM_SSP2,date=2023-22-11T14:08:28+06:015",China,H2,2050,0.36815258100000015
170,EJ,"SSP2GCAM_SSP2,date=2023-22-11T14:08:28+06:015",China,H2,2055,0.38906045199999995
171,EJ,"SSP2GCAM_SSP2,date=2023-22-11T14:08:28+06:015",China,H2,2060,0.3968920909999999
172,EJ,"SSP2GCAM_SSP2,date=2023-22-11T14:08:28+06:015",China,H2,2065,0.39541141399999996
173,EJ,"SSP2GCAM_SSP2,date=2023-22-11T14:08:28+06:015",China,H2,2070,0.38869262700000007
174,EJ,"SSP2GCAM_SSP2,date=2023-22-11T14:08:28+06:015",China,H2,2075,0.380168578
175,EJ,"SSP2GCAM_SSP2,date=2023-22-11T14:08:28+06:015",China,H2,2080,0.3700771580000001
176,EJ,"SSP2GCAM_SSP2,date=2023-22-11T14:08:28+06:015",China,H2,2085,0.35910722500000003
177,EJ,"SSP2GCAM_SSP2,date=2023-22-11T14:08:28+06:015",China,H2,2090,0.3485090200000001
178,EJ,"SSP2GCAM_SSP2,date=2023-22-11T14:08:28+06:015",China,H2,2095,0.3382288960000001
179,EJ,"SSP2GCAM_SSP2,date=2023-22-11T14:08:28+06:015",China,H2,2100,0.33000173399999994
180,EJ,"SSP2GCAM_SSP2,date=2023-22-11T14:08:28+06:015",China,H2,2025,0.0180139
181,EJ,"SSP2GCAM_SSP2,date=2023-22-11T14:08:28+06:015",China,H2,2030,0.0839114
182,EJ,"SSP2GCAM_SSP2,date=2023-22-11T14:08:28+06:015",China,H2,2035,0.2011772587
183,EJ,"SSP2GCAM_SSP2,date=2023-22-11T14:08:28+06:015",China,H2,2040,0.28570434405
184,EJ,"SSP2GCAM_SSP2,date=2023-22-11T14:08:28+06:015",China,H2,2045,0.35469922849999996
185,EJ,"SSP2GCAM_SSP2,date=2023-22-11T14:08:28+06:015",China,H2,2050,0.45645958
186,EJ,"SSP2GCAM_SSP2,date=2023-22-11T14:08:28+06:015",China,H2,2055,0.56696414
187,EJ,"SSP2GCAM_SSP2,date=2023-22-11T14:08:28+06:015",China,H2,2060,0.69679167
188,EJ,"SSP2GCAM_SSP2,date=2023-22-11T14:08:28+06:015",China,H2,2065,0.8070064200000001
189,EJ,"SSP2GCAM_SSP2,date=2023-22-11T14:08:28+06:015",China,H2,2070,0.9038973399999999
190,EJ,"SSP2GCAM_SSP2,date=2023-22-11T14:08:28+06:015",China,H2,2075,0.9695192000000001
191,EJ,"SSP2GCAM_SSP2,date=2023-22-11T14:08:28+06:015",China,H2,2080,0.98795447
192,EJ,"SSP2GCAM_SSP2,date=2023-22-11T14:08:28+06:015",China,H2,2085,0.9950239000000001
193,EJ,"SSP2GCAM_SSP2,date=2023-22-11T14:08:28+06:015",China,H2,2090,1.0010642699999999
194,EJ,"SSP2GCAM_SSP2,date=2023-22-11T14:08:28+06:015",China,H2,2095,0.9940781
195,EJ,"SSP2GCAM_SSP2,date=2023-22-11T14:08:28+06:015",China,H2,2100,1.00994042
196,EJ,"SSP2GCAM_SSP2,date=2023-22-11T14:08:28+06:015",China,Coal,2015,0.00012559
197,EJ,"SSP2GCAM_SSP2,date=2023-22-11T14:08:28+06:015",China,Gas,2005,0.06152733925
198,EJ,"SSP2GCAM_SSP2,date=2023-22-11T14:08:28+06:015",China,Gas,2010,0.2826062966
199,EJ,"SSP2GCAM_SSP2,date=2023-22-11T14:08:28+06:015",China,Gas,2015,0.6820730917
200,EJ,"SSP2GCAM_SSP2,date=2023-22-11T14:08:28+06:015",China,Gas,2020,0.5809735464
201,EJ,"SSP2GCAM_SSP2,date=2023-22-11T14:08:28+06:015",China,Gas,2025,0.4701268435
202,EJ,"SSP2GCAM_SSP2,date=2023-22-11T14:08:28+06:015",China,Gas,2030,0.39236978809999995
203,EJ,"SSP2GCAM_SSP2,date=2023-22-11T14:08:28+06:015",China,Gas,2035,0.30372520381
204,EJ,"SSP2GCAM_SSP2,date=2023-22-11T14:08:28+06:015",China,Gas,2040,0.23094707289999997
205,EJ,"SSP2GCAM_SSP2,date=2023-22-11T14:08:28+06:015",China,Gas,2045,0.19728985219999998
206,EJ,"SSP2GCAM_SSP2,date=2023-22-11T14:08:28+06:015",China,Gas,2050,0.17646449020000002
207,EJ,"SSP2GCAM_SSP2,date=2023-22-11T14:08:28+06:015",China,Gas,2055,0.16915822340000003
208,EJ,"SSP2GCAM_SSP2,date=2023-22-11T14:08:28+06:015",China,Gas,2060,0.1619837378
209,EJ,"SSP2GCAM_SSP2,date=2023-22-11T14:08:28+06:015",China,Gas,2065,0.15245991430000003
210,EJ,"SSP2GCAM_SSP2,date=2023-22-11T14:08:28+06:015",China,Gas,2070,0.14182405800000003
211,EJ,"SSP2GCAM_SSP2,date=2023-22-11T14:08:28+06:015",China,Gas,2075,0.1317432757
212,EJ,"SSP2GCAM_SSP2,date=2023-22-11T14:08:28+06:015",China,Gas,2080,0.1218036569
213,EJ,"SSP2GCAM_SSP2,date=2023-22-11T14:08:28+06:015",China,Gas,2085,0.1130329241
214,EJ,"SSP2GCAM_SSP2,date=2023-22-11T14:08:28+06:015",China,Gas,2090,0.10568151429999999
215,EJ,"SSP2GCAM_SSP2,date=2023-22-11T14:08:28+06:015",China,Gas,2095,0.09909655329999999
216,EJ,"SSP2GCAM_SSP2,date=2023-22-11T14:08:28+06:015",China,Gas,2100,0.09462255260000002
217,EJ,"SSP2GCAM_SSP2,date=2023-22-11T14:08:28+06:015",China,Electricity,2005,0.116373999947
218,EJ,"SSP2GCAM_SSP2,date=2023-22-11T14:08:28+06:015",China,Electricity,2010,0.232228199892
219,EJ,"SSP2GCAM_SSP2,date=2023-22-11T14:08:28+06:015",China,Electricity,2015,0.33998419985
220,EJ,"SSP2GCAM_SSP2,date=2023-22-11T14:08:28+06:015",China,Electricity,2020,0.406221857
221,EJ,"SSP2GCAM_SSP2,date=2023-22-11T14:08:28+06:015",China,Electricity,2025,0.6323533530831
222,EJ,"SSP2GCAM_SSP2,date=2023-22-11T14:08:28+06:015",China,Electricity,2030,0.8561721999191002
223,EJ,"SSP2GCAM_SSP2,date=2023-22-11T14:08:28+06:015",China,Electricity,2035,1.0243195230265603
224,EJ,"SSP2GCAM_SSP2,date=2023-22-11T14:08:28+06:015",China,Electricity,2040,1.1926286404169797
225,EJ,"SSP2GCAM_SSP2,date=2023-22-11T14:08:28+06:015",China,Electricity,2045,1.3360540596990003
226,EJ,"SSP2GCAM_SSP2,date=2023-22-11T14:08:28+06:015",China,Electricity,2050,1.49596925987
227,EJ,"SSP2GCAM_SSP2,date=2023-22-11T14:08:28+06:015",China,Electricity,2055,1.6420663728000002
228,EJ,"SSP2GCAM_SSP2,date=2023-22-11T14:08:28+06:015",China,Electricity,2060,1.7835174999999999
229,EJ,"SSP2GCAM_SSP2,date=2023-22-11T14:08:28+06:015",China,Electricity,2065,1.9160905680000002
230,EJ,"SSP2GCAM_SSP2,date=2023-22-11T14:08:28+06:015",China,Electricity,2070,2.030027887
231,EJ,"SSP2GCAM_SSP2,date=2023-22-11T14:08:28+06:015",China,Electricity,2075,2.10290068
232,EJ,"SSP2GCAM_SSP2,date=2023-22-11T14:08:28+06:015",China,Electricity,2080,2.0875688770000003
233,EJ,"SSP2GCAM_SSP2,date=2023-22-11T14:08:28+06:015",China,Electricity,2085,2.0438644850000003
234,EJ,"SSP2GCAM_SSP2,date=2023-22-11T14:08:28+06:015",China,Electricity,2090,1.9912815109999997
235,EJ,"SSP2GCAM_SSP2,date=2023-22-11T14:08:28+06:015",China,Electricity,2095,1.941588288999999
236,EJ,"SSP2GCAM_SSP2,date=2023-22-11T14:08:28+06:015",China,Electricity,2100,1.9018514589999997
237,EJ,"SSP2GCAM_SSP2,date=2023-22-11T14:08:28+06:015",China,Refined Liquids,2005,6.559940299999999
238,EJ,"SSP2GCAM_SSP2,date=2023-22-11T14:08:28+06:015",China,Refined Liquids,2010,9.594813000000002
239,EJ,"SSP2GCAM_SSP2,date=2023-22-11T14:08:28+06:015",China,Refined Liquids,2015,12.926245999999999
240,EJ,"SSP2GCAM_SSP2,date=2023-22-11T14:08:28+06:015",China,Refined Liquids,2020,16.118133569999998
241,EJ,"SSP2GCAM_SSP2,date=2023-22-11T14:08:28+06:015",China,Refined Liquids,2025,18.021445130000004
242,EJ,"SSP2GCAM_SSP2,date=2023-22-11T14:08:28+06:015",China,Refined Liquids,2030,19.23908937
243,EJ,"SSP2GCAM_SSP2,date=2023-22-11T14:08:28+06:015",China,Refined Liquids,2035,19.805280365999998
244,EJ,"SSP2GCAM_SSP2,date=2023-22-11T14:08:28+06:015",China,Refined Liquids,2040,20.357939620000003
245,EJ,"SSP2GCAM_SSP2,date=2023-22-11T14:08:28+06:015",China,Refined Liquids,2045,20.95261621
246,EJ,"SSP2GCAM_SSP2,date=2023-22-11T14:08:28+06:015",China,Refined Liquids,2050,21.210494469999993
247,EJ,"SSP2GCAM_SSP2,date=2023-22-11T14:08:28+06:015",China,Refined Liquids,2055,21.318582150000008
248,EJ,"SSP2GCAM_SSP2,date=2023-22-11T14:08:28+06:015",China,Refined Liquids,2060,21.262582209999994
249,EJ,"SSP2GCAM_SSP2,date=2023-22-11T14:08:28+06:015",China,Refined Liquids,2065,21.110323029999986
250,EJ,"SSP2GCAM_SSP2,date=2023-22-11T14:08:28+06:015",China,Refined Liquids,2070,20.9243334
251,EJ,"SSP2GCAM_SSP2,date=2023-22-11T14:08:28+06:015",China,Refined Liquids,2075,20.704880789999994
252,EJ,"SSP2GCAM_SSP2,date=2023-22-11T14:08:28+06:015",China,Refined Liquids,2080,20.625670399999997
253,EJ,"SSP2GCAM_SSP2,date=2023-22-11T14:08:28+06:015",China,Refined Liquids,2085,20.527020689999997
254,EJ,"SSP2GCAM_SSP2,date=2023-22-11T14:08:28+06:015",China,Refined Liquids,2090,20.41057223
255,EJ,"SSP2GCAM_SSP2,date=2023-22-11T14:08:28+06:015",China,Refined Liquids,2095,20.280497670000003
256,EJ,"SSP2GCAM_SSP2,date=2023-22-11T14:08:28+06:015",China,Refined Liquids,2100,20.13397183
257,EJ,"SSP2GCAM_SSP2,date=2023-22-11T14:08:28+06:015",India,H2,2025,0.004884412029999999
258,EJ,"SSP2GCAM_SSP2,date=2023-22-11T14:08:28+06:015",India,H2,2030,0.0316093592
259,EJ,"SSP2GCAM_SSP2,date=2023-22-11T14:08:28+06:015",India,H2,2035,0.11077830230000002
260,EJ,"SSP2GCAM_SSP2,date=2023-22-11T14:08:28+06:015",India,H2,2040,0.20404991899999997
261,EJ,"SSP2GCAM_SSP2,date=2023-22-11T14:08:28+06:015",India,H2,2045,0.28910585744999995
262,EJ,"SSP2GCAM_SSP2,date=2023-22-11T14:08:28+06:015",India,H2,2050,0.3570951587000001
263,EJ,"SSP2GCAM_SSP2,date=2023-22-11T14:08:28+06:015",India,H2,2055,0.40585922129999996
264,EJ,"SSP2GCAM_SSP2,date=2023-22-11T14:08:28+06:015",India,H2,2060,0.44304261640000003
265,EJ,"SSP2GCAM_SSP2,date=2023-22-11T14:08:28+06:015",India,H2,2065,0.4751896262000001
266,EJ,"SSP2GCAM_SSP2,date=2023-22-11T14:08:28+06:015",India,H2,2070,0.5123596460000002
267,EJ,"SSP2GCAM_SSP2,date=2023-22-11T14:08:28+06:015",India,H2,2075,0.5609481269999999
268,EJ,"SSP2GCAM_SSP2,date=2023-22-11T14:08:28+06:015",India,H2,2080,0.6142399330000001
269,EJ,"SSP2GCAM_SSP2,date=2023-22-11T14:08:28+06:015",India,H2,2085,0.665951501
270,EJ,"SSP2GCAM_SSP2,date=2023-22-11T14:08:28+06:015",India,H2,2090,0.7105501269999996
271,EJ,"SSP2GCAM_SSP2,date=2023-22-11T14:08:28+06:015",India,H2,2095,0.7425258460000002
272,EJ,"SSP2GCAM_SSP2,date=2023-22-11T14:08:28+06:015",India,H2,2100,0.7646537049999999
273,EJ,"SSP2GCAM_SSP2,date=2023-22-11T14:08:28+06:015",India,H2,2025,0.00197903
274,EJ,"SSP2GCAM_SSP2,date=2023-22-11T14:08:28+06:015",India,H2,2030,0.00946017
275,EJ,"SSP2GCAM_SSP2,date=2023-22-11T14:08:28+06:015",India,H2,2035,0.025051683302
276,EJ,"SSP2GCAM_SSP2,date=2023-22-11T14:08:28+06:015",India,H2,2040,0.03940054554999999
277,EJ,"SSP2GCAM_SSP2,date=2023-22-11T14:08:28+06:015",India,H2,2045,0.0553677743
278,EJ,"SSP2GCAM_SSP2,date=2023-22-11T14:08:28+06:015",India,H2,2050,0.086104273
279,EJ,"SSP2GCAM_SSP2,date=2023-22-11T14:08:28+06:015",India,H2,2055,0.12886598
280,EJ,"SSP2GCAM_SSP2,date=2023-22-11T14:08:28+06:015",India,H2,2060,0.19393248
281,EJ,"SSP2GCAM_SSP2,date=2023-22-11T14:08:28+06:015",India,H2,2065,0.27751518000000003
282,EJ,"SSP2GCAM_SSP2,date=2023-22-11T14:08:28+06:015",India,H2,2070,0.37842902999999994
283,EJ,"SSP2GCAM_SSP2,date=2023-22-11T14:08:28+06:015",India,H2,2075,0.4877239
284,EJ,"SSP2GCAM_SSP2,date=2023-22-11T14:08:28+06:015",India,H2,2080,0.5852383700000001
285,EJ,"SSP2GCAM_SSP2,date=2023-22-11T14:08:28+06:015",India,H2,2085,0.67029811
286,EJ,"SSP2GCAM_SSP2,date=2023-22-11T14:08:28+06:015",India,H2,2090,0.74318389
287,EJ,"SSP2GCAM_SSP2,date=2023-22-11T14:08:28+06:015",India,H2,2095,0.7959647000000001
288,EJ,"SSP2GCAM_SSP2,date=2023-22-11T14:08:28+06:015",India,H2,2100,0.8458047200000001
289,EJ,"SSP2GCAM_SSP2,date=2023-22-11T14:08:28+06:015",India,Gas,2005,0.02825165
290,EJ,"SSP2GCAM_SSP2,date=2023-22-11T14:08:28+06:015",India,Gas,2010,0.05750779
291,EJ,"SSP2GCAM_SSP2,date=2023-22-11T14:08:28+06:015",India,Gas,2015,0.0818671
292,EJ,"SSP2GCAM_SSP2,date=2023-22-11T14:08:28+06:015",India,Gas,2020,0.08941549000000001
293,EJ,"SSP2GCAM_SSP2,date=2023-22-11T14:08:28+06:015",India,Gas,2025,0.08842977
294,EJ,"SSP2GCAM_SSP2,date=2023-22-11T14:08:28+06:015",India,Gas,2030,0.08901901999999999
295,EJ,"SSP2GCAM_SSP2,date=2023-22-11T14:08:28+06:015",India,Gas,2035,0.08504824
296,EJ,"SSP2GCAM_SSP2,date=2023-22-11T14:08:28+06:015",India,Gas,2040,0.08154818
297,EJ,"SSP2GCAM_SSP2,date=2023-22-11T14:08:28+06:015",India,Gas,2045,0.07951051
298,EJ,"SSP2GCAM_SSP2,date=2023-22-11T14:08:28+06:015",India,Gas,2050,0.075727873
299,EJ,"SSP2GCAM_SSP2,date=2023-22-11T14:08:28+06:015",India,Gas,2055,0.070370771
300,EJ,"SSP2GCAM_SSP2,date=2023-22-11T14:08:28+06:015",India,Gas,2060,0.066051629
301,EJ,"SSP2GCAM_SSP2,date=2023-22-11T14:08:28+06:015",India,Gas,2065,0.06223733100000001
302,EJ,"SSP2GCAM_SSP2,date=2023-22-11T14:08:28+06:015",India,Gas,2070,0.06015346299999999
303,EJ,"SSP2GCAM_SSP2,date=2023-22-11T14:08:28+06:015",India,Gas,2075,0.05897378100000001
304,EJ,"SSP2GCAM_SSP2,date=2023-22-11T14:08:28+06:015",India,Gas,2080,0.05734121900000001
305,EJ,"SSP2GCAM_SSP2,date=2023-22-11T14:08:28+06:015",India,Gas,2085,0.055111893
306,EJ,"SSP2GCAM_SSP2,date=2023-22-11T14:08:28+06:015",India,Gas,2090,0.052585928000000004
307,EJ,"SSP2GCAM_SSP2,date=2023-22-11T14:08:28+06:015",India,Gas,2095,0.049476822000000004
308,EJ,"SSP2GCAM_SSP2,date=2023-22-11T14:08:28+06:015",India,Gas,2100,0.04703354600000001
309,EJ,"SSP2GCAM_SSP2,date=2023-22-11T14:08:28+06:015",India,Electricity,2005,0.035649799999999995
310,EJ,"SSP2GCAM_SSP2,date=2023-22-11T14:08:28+06:015",India,Electricity,2010,0.0475202
311,EJ,"SSP2GCAM_SSP2,date=2023-22-11T14:08:28+06:015",India,Electricity,2015,0.0597364
312,EJ,"SSP2GCAM_SSP2,date=2023-22-11T14:08:28+06:015",India,Electricity,2020,0.075061701
313,EJ,"SSP2GCAM_SSP2,date=2023-22-11T14:08:28+06:015",India,Electricity,2025,0.108356800251
314,EJ,"SSP2GCAM_SSP2,date=2023-22-11T14:08:28+06:015",India,Electricity,2030,0.18814238251010004
315,EJ,"SSP2GCAM_SSP2,date=2023-22-11T14:08:28+06:015",India,Electricity,2035,0.36977520681450005
316,EJ,"SSP2GCAM_SSP2,date=2023-22-11T14:08:28+06:015",India,Electricity,2040,0.6204706608034999
317,EJ,"SSP2GCAM_SSP2,date=2023-22-11T14:08:28+06:015",India,Electricity,2045,0.903101919229
318,EJ,"SSP2GCAM_SSP2,date=2023-22-11T14:08:28+06:015",India,Electricity,2050,1.2055338935
319,EJ,"SSP2GCAM_SSP2,date=2023-22-11T14:08:28+06:015",India,Electricity,2055,1.4573194016999993
320,EJ,"SSP2GCAM_SSP2,date=2023-22-11T14:08:28+06:015",India,Electricity,2060,1.6841951080000002
321,EJ,"SSP2GCAM_SSP2,date=2023-22-11T14:08:28+06:015",India,Electricity,2065,1.913266093
322,EJ,"SSP2GCAM_SSP2,date=2023-22-11T14:08:28+06:015",India,Electricity,2070,2.1650555689999997
323,EJ,"SSP2GCAM_SSP2,date=2023-22-11T14:08:28+06:015",India,Electricity,2075,2.444179916
324,EJ,"SSP2GCAM_SSP2,date=2023-22-11T14:08:28+06:015",India,Electricity,2080,2.7091591469999985
325,EJ,"SSP2GCAM_SSP2,date=2023-22-11T14:08:28+06:015",India,Electricity,2085,2.9422602240000004
326,EJ,"SSP2GCAM_SSP2,date=2023-22-11T14:08:28+06:015",India,Electricity,2090,3.141710022
327,EJ,"SSP2GCAM_SSP2,date=2023-22-11T14:08:28+06:015",India,Electricity,2095,3.3145618579999994
328,EJ,"SSP2GCAM_SSP2,date=2023-22-11T14:08:28+06:015",India,Electricity,2100,3.4784143489999995
329,EJ,"SSP2GCAM_SSP2,date=2023-22-11T14:08:28+06:015",India,Refined Liquids,2005,1.695543
330,EJ,"SSP2GCAM_SSP2,date=2023-22-11T14:08:28+06:015",India,Refined Liquids,2010,2.7963299
331,EJ,"SSP2GCAM_SSP2,date=2023-22-11T14:08:28+06:015",India,Refined Liquids,2015,3.8639616
332,EJ,"SSP2GCAM_SSP2,date=2023-22-11T14:08:28+06:015",India,Refined Liquids,2020,4.804495190000001
333,EJ,"SSP2GCAM_SSP2,date=2023-22-11T14:08:28+06:015",India,Refined Liquids,2025,5.68351613
334,EJ,"SSP2GCAM_SSP2,date=2023-22-11T14:08:28+06:015",India,Refined Liquids,2030,6.395229400000002
335,EJ,"SSP2GCAM_SSP2,date=2023-22-11T14:08:28+06:015",India,Refined Liquids,2035,6.8586980980000005
336,EJ,"SSP2GCAM_SSP2,date=2023-22-11T14:08:28+06:015",India,Refined Liquids,2040,7.345366747
337,EJ,"SSP2GCAM_SSP2,date=2023-22-11T14:08:28+06:015",India,Refined Liquids,2045,7.929869170000003
338,EJ,"SSP2GCAM_SSP2,date=2023-22-11T14:08:28+06:015",India,Refined Liquids,2050,8.598581600000001
339,EJ,"SSP2GCAM_SSP2,date=2023-22-11T14:08:28+06:015",India,Refined Liquids,2055,9.480981650000002
340,EJ,"SSP2GCAM_SSP2,date=2023-22-11T14:08:28+06:015",India,Refined Liquids,2060,10.457748059999997
341,EJ,"SSP2GCAM_SSP2,date=2023-22-11T14:08:28+06:015",India,Refined Liquids,2065,11.452082480000001
342,EJ,"SSP2GCAM_SSP2,date=2023-22-11T14:08:28+06:015",India,Refined Liquids,2070,12.336949880000006
343,EJ,"SSP2GCAM_SSP2,date=2023-22-11T14:08:28+06:015",India,Refined Liquids,2075,13.079882799999996
344,EJ,"SSP2GCAM_SSP2,date=2023-22-11T14:08:28+06:015",India,Refined Liquids,2080,13.854334779999993
345,EJ,"SSP2GCAM_SSP2,date=2023-22-11T14:08:28+06:015",India,Refined Liquids,2085,14.717740629999998
346,EJ,"SSP2GCAM_SSP2,date=2023-22-11T14:08:28+06:015",India,Refined Liquids,2090,15.622210369999996
347,EJ,"SSP2GCAM_SSP2,date=2023-22-11T14:08:28+06:015",India,Refined Liquids,2095,16.54351324
348,EJ,"SSP2GCAM_SSP2,date=2023-22-11T14:08:28+06:015",India,Refined Liquids,2100,17.41772702
439,EJ,"SSP2GCAM_SSP2,date=2023-22-11T14:08:28+06:015",South Asia,H2,2025,0.001347664584
440,EJ,"SSP2GCAM_SSP2,date=2023-22-11T14:08:28+06:015",South Asia,H2,2030,0.008414515604000002
441,EJ,"SSP2GCAM_SSP2,date=2023-22-11T14:08:28+06:015",South Asia,H2,2035,0.026264621000000002
442,EJ,"SSP2GCAM_SSP2,date=2023-22-11T14:08:28+06:015",South Asia,H2,2040,0.04645804956669999
443,EJ,"SSP2GCAM_SSP2,date=2023-22-11T14:08:28+06:015",South Asia,H2,2045,0.064575371406
444,EJ,"SSP2GCAM_SSP2,date=2023-22-11T14:08:28+06:015",South Asia,H2,2050,0.08132766243
445,EJ,"SSP2GCAM_SSP2,date=2023-22-11T14:08:28+06:015",South Asia,H2,2055,0.09700353182999999
446,EJ,"SSP2GCAM_SSP2,date=2023-22-11T14:08:28+06:015",South Asia,H2,2060,0.11217899279999999
447,EJ,"SSP2GCAM_SSP2,date=2023-22-11T14:08:28+06:015",South Asia,H2,2065,0.1280107057
448,EJ,"SSP2GCAM_SSP2,date=2023-22-11T14:08:28+06:015",South Asia,H2,2070,0.1451262658
449,EJ,"SSP2GCAM_SSP2,date=2023-22-11T14:08:28+06:015",South Asia,H2,2075,0.16404032789999998
450,EJ,"SSP2GCAM_SSP2,date=2023-22-11T14:08:28+06:015",South Asia,H2,2080,0.1838511437
451,EJ,"SSP2GCAM_SSP2,date=2023-22-11T14:08:28+06:015",South Asia,H2,2085,0.20470778639999998
452,EJ,"SSP2GCAM_SSP2,date=2023-22-11T14:08:28+06:015",South Asia,H2,2090,0.2265031798
453,EJ,"SSP2GCAM_SSP2,date=2023-22-11T14:08:28+06:015",South Asia,H2,2095,0.24871986840000004
454,EJ,"SSP2GCAM_SSP2,date=2023-22-11T14:08:28+06:015",South Asia,H2,2100,0.2700926925999999
455,EJ,"SSP2GCAM_SSP2,date=2023-22-11T14:08:28+06:015",South Asia,H2,2025,7.76351e-05
456,EJ,"SSP2GCAM_SSP2,date=2023-22-11T14:08:28+06:015",South Asia,H2,2030,0.000327322
457,EJ,"SSP2GCAM_SSP2,date=2023-22-11T14:08:28+06:015",South Asia,H2,2035,0.000742133978
458,EJ,"SSP2GCAM_SSP2,date=2023-22-11T14:08:28+06:015",South Asia,H2,2040,0.001093853146
459,EJ,"SSP2GCAM_SSP2,date=2023-22-11T14:08:28+06:015",South Asia,H2,2045,0.0015673120500000002
460,EJ,"SSP2GCAM_SSP2,date=2023-22-11T14:08:28+06:015",South Asia,H2,2050,0.0027416682999999997
461,EJ,"SSP2GCAM_SSP2,date=2023-22-11T14:08:28+06:015",South Asia,H2,2055,0.004421695
462,EJ,"SSP2GCAM_SSP2,date=2023-22-11T14:08:28+06:015",South Asia,H2,2060,0.00695723
463,EJ,"SSP2GCAM_SSP2,date=2023-22-11T14:08:28+06:015",South Asia,H2,2065,0.01039299
464,EJ,"SSP2GCAM_SSP2,date=2023-22-11T14:08:28+06:015",South Asia,H2,2070,0.014723341
465,EJ,"SSP2GCAM_SSP2,date=2023-22-11T14:08:28+06:015",South Asia,H2,2075,0.019698004
466,EJ,"SSP2GCAM_SSP2,date=2023-22-11T14:08:28+06:015",South Asia,H2,2080,0.024668653999999998
467,EJ,"SSP2GCAM_SSP2,date=2023-22-11T14:08:28+06:015",South Asia,H2,2085,0.029873453
468,EJ,"SSP2GCAM_SSP2,date=2023-22-11T14:08:28+06:015",South Asia,H2,2090,0.035321438
469,EJ,"SSP2GCAM_SSP2,date=2023-22-11T14:08:28+06:015",South Asia,H2,2095,0.040869059
470,EJ,"SSP2GCAM_SSP2,date=2023-22-11T14:08:28+06:015",South Asia,H2,2100,0.047622969
471,EJ,"SSP2GCAM_SSP2,date=2023-22-11T14:08:28+06:015",South Asia,Gas,2005,0.039552279999999995
472,EJ,"SSP2GCAM_SSP2,date=2023-22-11T14:08:28+06:015",South Asia,Gas,2010,0.14414552
473,EJ,"SSP2GCAM_SSP2,date=2023-22-11T14:08:28+06:015",South Asia,Gas,2015,0.1025848
474,EJ,"SSP2GCAM_SSP2,date=2023-22-11T14:08:28+06:015",South Asia,Gas,2020,0.10784131
475,EJ,"SSP2GCAM_SSP2,date=2023-22-11T14:08:28+06:015",South Asia,Gas,2025,0.10619066
476,EJ,"SSP2GCAM_SSP2,date=2023-22-11T14:08:28+06:015",South Asia,Gas,2030,0.10567195000000001
477,EJ,"SSP2GCAM_SSP2,date=2023-22-11T14:08:28+06:015",South Asia,Gas,2035,0.103127028
478,EJ,"SSP2GCAM_SSP2,date=2023-22-11T14:08:28+06:015",South Asia,Gas,2040,0.10113456300000001
479,EJ,"SSP2GCAM_SSP2,date=2023-22-11T14:08:28+06:015",South Asia,Gas,2045,0.10499899400000001
480,EJ,"SSP2GCAM_SSP2,date=2023-22-11T14:08:28+06:015",South Asia,Gas,2050,0.11019928399999998
481,EJ,"SSP2GCAM_SSP2,date=2023-22-11T14:08:28+06:015",South Asia,Gas,2055,0.119675202
482,EJ,"SSP2GCAM_SSP2,date=2023-22-11T14:08:28+06:015",South Asia,Gas,2060,0.12983719
483,EJ,"SSP2GCAM_SSP2,date=2023-22-11T14:08:28+06:015",South Asia,Gas,2065,0.14076393999999998
484,EJ,"SSP2GCAM_SSP2,date=2023-22-11T14:08:28+06:015",South Asia,Gas,2070,0.15273848899999998
485,EJ,"SSP2GCAM_SSP2,date=2023-22-11T14:08:28+06:015",South Asia,Gas,2075,0.165521462
486,EJ,"SSP2GCAM_SSP2,date=2023-22-11T14:08:28+06:015",South Asia,Gas,2080,0.178196276
487,EJ,"SSP2GCAM_SSP2,date=2023-22-11T14:08:28+06:015",South Asia,Gas,2085,0.190662824
488,EJ,"SSP2GCAM_SSP2,date=2023-22-11T14:08:28+06:015",South Asia,Gas,2090,0.202639239
489,EJ,"SSP2GCAM_SSP2,date=2023-22-11T14:08:28+06:015",South Asia,Gas,2095,0.213369056
490,EJ,"SSP2GCAM_SSP2,date=2023-22-11T14:08:28+06:015",South Asia,Gas,2100,0.22459588500000002
491,EJ,"SSP2GCAM_SSP2,date=2023-22-11T14:08:28+06:015",South Asia,Electricity,2005,8.77985e-05
492,EJ,"SSP2GCAM_SSP2,date=2023-22-11T14:08:28+06:015",South Asia,Electricity,2010,4.2098800000000004e-05
493,EJ,"SSP2GCAM_SSP2,date=2023-22-11T14:08:28+06:015",South Asia,Electricity,2015,4.26988e-05
494,EJ,"SSP2GCAM_SSP2,date=2023-22-11T14:08:28+06:015",South Asia,Electricity,2020,7.508189e-05
495,EJ,"SSP2GCAM_SSP2,date=2023-22-11T14:08:28+06:015",South Asia,Electricity,2025,0.00690848983632
496,EJ,"SSP2GCAM_SSP2,date=2023-22-11T14:08:28+06:015",South Asia,Electricity,2030,0.03067394880823
497,EJ,"SSP2GCAM_SSP2,date=2023-22-11T14:08:28+06:015",South Asia,Electricity,2035,0.06941437144115
498,EJ,"SSP2GCAM_SSP2,date=2023-22-11T14:08:28+06:015",South Asia,Electricity,2040,0.11843721870238999
499,EJ,"SSP2GCAM_SSP2,date=2023-22-11T14:08:28+06:015",South Asia,Electricity,2045,0.17030956766000002
500,EJ,"SSP2GCAM_SSP2,date=2023-22-11T14:08:28+06:015",South Asia,Electricity,2050,0.226532516034
501,EJ,"SSP2GCAM_SSP2,date=2023-22-11T14:08:28+06:015",South Asia,Electricity,2055,0.27768624935999997
502,EJ,"SSP2GCAM_SSP2,date=2023-22-11T14:08:28+06:015",South Asia,Electricity,2060,0.32741384503
503,EJ,"SSP2GCAM_SSP2,date=2023-22-11T14:08:28+06:015",South Asia,Electricity,2065,0.37969593547
504,EJ,"SSP2GCAM_SSP2,date=2023-22-11T14:08:28+06:015",South Asia,Electricity,2070,0.43810857160000005
505,EJ,"SSP2GCAM_SSP2,date=2023-22-11T14:08:28+06:015",South Asia,Electricity,2075,0.5030960534
506,EJ,"SSP2GCAM_SSP2,date=2023-22-11T14:08:28+06:015",South Asia,Electricity,2080,0.5711087394000001
507,EJ,"SSP2GCAM_SSP2,date=2023-22-11T14:08:28+06:015",South Asia,Electricity,2085,0.6403657905
508,EJ,"SSP2GCAM_SSP2,date=2023-22-11T14:08:28+06:015",South Asia,Electricity,2090,0.709499254
509,EJ,"SSP2GCAM_SSP2,date=2023-22-11T14:08:28+06:015",South Asia,Electricity,2095,0.7798196533999998
510,EJ,"SSP2GCAM_SSP2,date=2023-22-11T14:08:28+06:015",South Asia,Electricity,2100,0.8499633965
511,EJ,"SSP2GCAM_SSP2,date=2023-22-11T14:08:28+06:015",South Asia,Refined Liquids,2005,0.635206934
512,EJ,"SSP2GCAM_SSP2,date=2023-22-11T14:08:28+06:015",South Asia,Refined Liquids,2010,0.7539507499999999
513,EJ,"SSP2GCAM_SSP2,date=2023-22-11T14:08:28+06:015",South Asia,Refined Liquids,2015,1.0855581900000002
514,EJ,"SSP2GCAM_SSP2,date=2023-22-11T14:08:28+06:015",South Asia,Refined Liquids,2020,1.2836792509999997
515,EJ,"SSP2GCAM_SSP2,date=2023-22-11T14:08:28+06:015",South Asia,Refined Liquids,2025,1.4619114898000003
516,EJ,"SSP2GCAM_SSP2,date=2023-22-11T14:08:28+06:015",South Asia,Refined Liquids,2030,1.5898397110000002
517,EJ,"SSP2GCAM_SSP2,date=2023-22-11T14:08:28+06:015",South Asia,Refined Liquids,2035,1.6937514346999998
518,EJ,"SSP2GCAM_SSP2,date=2023-22-11T14:08:28+06:015",South Asia,Refined Liquids,2040,1.8270400264000002
519,EJ,"SSP2GCAM_SSP2,date=2023-22-11T14:08:28+06:015",South Asia,Refined Liquids,2045,2.01187056
520,EJ,"SSP2GCAM_SSP2,date=2023-22-11T14:08:28+06:015",South Asia,Refined Liquids,2050,2.236064259
521,EJ,"SSP2GCAM_SSP2,date=2023-22-11T14:08:28+06:015",South Asia,Refined Liquids,2055,2.5446576939999996
522,EJ,"SSP2GCAM_SSP2,date=2023-22-11T14:08:28+06:015",South Asia,Refined Liquids,2060,2.90067931
523,EJ,"SSP2GCAM_SSP2,date=2023-22-11T14:08:28+06:015",South Asia,Refined Liquids,2065,3.301893509000001
524,EJ,"SSP2GCAM_SSP2,date=2023-22-11T14:08:28+06:015",South Asia,Refined Liquids,2070,3.7544998130000002
525,EJ,"SSP2GCAM_SSP2,date=2023-22-11T14:08:28+06:015",South Asia,Refined Liquids,2075,4.239303493999999
526,EJ,"SSP2GCAM_SSP2,date=2023-22-11T14:08:28+06:015",South Asia,Refined Liquids,2080,4.759538617
527,EJ,"SSP2GCAM_SSP2,date=2023-22-11T14:08:28+06:015",South Asia,Refined Liquids,2085,5.307169619
528,EJ,"SSP2GCAM_SSP2,date=2023-22-11T14:08:28+06:015",South Asia,Refined Liquids,2090,5.873328059999999
529,EJ,"SSP2GCAM_SSP2,date=2023-22-11T14:08:28+06:015",South Asia,Refined Liquids,2095,6.44648406
530,EJ,"SSP2GCAM_SSP2,date=2023-22-11T14:08:28+06:015",South Asia,Refined Liquids,2100,7.001250789999999
